ID,post_date,post_modified,post_title,post_status,post_type,post_content,post_excerpt,post_parent,guid,to_ping,pinged,post_content_filtered,post_mime_type,comment_status,ping_status
5001,2026-03-02 05:39:27,2026-03-02 05:44:27,Order #5001,wc-completed,shop_order,,,0,https://example.com/?p=5001,,,,,open,closed
5002,2026-03-04 03:13:13,2026-03-04 03:18:13,Order #5002,wc-completed,shop_order,,,0,https://example.com/?p=5002,,,,,open,closed
5003,2026-03-09 06:44:38,2026-03-09 06:49:38,Order #5003,wc-completed,shop_order,,,0,https://example.com/?p=5003,,,,,open,closed
5004,2026-03-24 09:36:23,2026-03-24 09:41:23,Order #5004,wc-completed,shop_order,,,0,https://example.com/?p=5004,,,,,open,closed
5005,2026-03-06 03:16:38,2026-03-06 03:21:38,Order #5005,wc-completed,shop_order,,,0,https://example.com/?p=5005,,,,,open,closed
5006,2026-03-21 21:15:39,2026-03-21 21:20:39,Order #5006,wc-completed,shop_order,,,0,https://example.com/?p=5006,,,,,open,closed
5007,2026-03-07 14:52:27,2026-03-07 14:57:27,Order #5007,wc-completed,shop_order,,,0,https://example.com/?p=5007,,,,,open,closed
5008,2026-03-05 17:56:56,2026-03-05 18:01:56,Order #5008,wc-completed,shop_order,,,0,https://example.com/?p=5008,,,,,open,closed
5009,2026-03-25 11:36:16,2026-03-25 11:41:16,Order #5009,wc-completed,shop_order,,,0,https://example.com/?p=5009,,,,,open,closed
5010,2026-03-07 03:54:10,2026-03-07 03:59:10,Order #5010,wc-completed,shop_order,,,0,https://example.com/?p=5010,,,,,open,closed
5011,2026-03-04 17:15:24,2026-03-04 17:20:24,Order #5011,wc-completed,shop_order,,,0,https://example.com/?p=5011,,,,,open,closed
5012,2026-03-06 07:21:09,2026-03-06 07:26:09,Order #5012,wc-completed,shop_order,,,0,https://example.com/?p=5012,,,,,open,closed
5013,2026-03-04 21:27:38,2026-03-04 21:32:38,Order #5013,wc-completed,shop_order,,,0,https://example.com/?p=5013,,,,,open,closed
5014,2026-03-25 11:40:01,2026-03-25 11:45:01,Order #5014,wc-completed,shop_order,,,0,https://example.com/?p=5014,,,,,open,closed
5015,2026-03-20 19:16:45,2026-03-20 19:21:45,Order #5015,wc-completed,shop_order,,,0,https://example.com/?p=5015,,,,,open,closed
5016,2026-03-29 01:08:04,2026-03-29 01:13:04,Order #5016,wc-completed,shop_order,,,0,https://example.com/?p=5016,,,,,open,closed
5017,2026-03-27 18:36:43,2026-03-27 18:41:43,Order #5017,wc-completed,shop_order,,,0,https://example.com/?p=5017,,,,,open,closed
5018,2026-03-20 10:02:08,2026-03-20 10:07:08,Order #5018,wc-completed,shop_order,,,0,https://example.com/?p=5018,,,,,open,closed
5019,2026-03-08 06:56:16,2026-03-08 07:01:16,Order #5019,wc-completed,shop_order,,,0,https://example.com/?p=5019,,,,,open,closed
5020,2026-03-26 05:02:34,2026-03-26 05:07:34,Order #5020,wc-completed,shop_order,,,0,https://example.com/?p=5020,,,,,open,closed
5021,2026-03-05 21:24:20,2026-03-05 21:29:20,Order #5021,wc-completed,shop_order,,,0,https://example.com/?p=5021,,,,,open,closed
5022,2026-03-22 10:49:50,2026-03-22 10:54:50,Order #5022,wc-completed,shop_order,,,0,https://example.com/?p=5022,,,,,open,closed
5023,2026-03-17 18:31:11,2026-03-17 18:36:11,Order #5023,wc-completed,shop_order,,,0,https://example.com/?p=5023,,,,,open,closed
5024,2026-03-26 03:40:54,2026-03-26 03:45:54,Order #5024,wc-completed,shop_order,,,0,https://example.com/?p=5024,,,,,open,closed
5025,2026-03-20 02:07:14,2026-03-20 02:12:14,Order #5025,wc-completed,shop_order,,,0,https://example.com/?p=5025,,,,,open,closed
5026,2026-03-06 22:28:22,2026-03-06 22:33:22,Order #5026,wc-completed,shop_order,,,0,https://example.com/?p=5026,,,,,open,closed
5027,2026-03-14 04:02:09,2026-03-14 04:07:09,Order #5027,wc-completed,shop_order,,,0,https://example.com/?p=5027,,,,,open,closed
5028,2026-03-28 11:32:04,2026-03-28 11:37:04,Order #5028,wc-completed,shop_order,,,0,https://example.com/?p=5028,,,,,open,closed
5029,2026-03-17 00:15:03,2026-03-17 00:20:03,Order #5029,wc-completed,shop_order,,,0,https://example.com/?p=5029,,,,,open,closed
5030,2026-03-09 16:59:54,2026-03-09 17:04:54,Order #5030,wc-completed,shop_order,,,0,https://example.com/?p=5030,,,,,open,closed
5031,2026-03-03 05:49:50,2026-03-03 05:54:50,Order #5031,wc-completed,shop_order,,,0,https://example.com/?p=5031,,,,,open,closed
5032,2026-03-15 08:38:14,2026-03-15 08:43:14,Order #5032,wc-completed,shop_order,,,0,https://example.com/?p=5032,,,,,open,closed
5033,2026-03-02 22:14:07,2026-03-02 22:19:07,Order #5033,wc-completed,shop_order,,,0,https://example.com/?p=5033,,,,,open,closed
5034,2026-03-09 02:36:51,2026-03-09 02:41:51,Order #5034,wc-completed,shop_order,,,0,https://example.com/?p=5034,,,,,open,closed
5035,2026-03-10 21:52:30,2026-03-10 21:57:30,Order #5035,wc-completed,shop_order,,,0,https://example.com/?p=5035,,,,,open,closed
5036,2026-03-20 13:39:25,2026-03-20 13:44:25,Order #5036,wc-completed,shop_order,,,0,https://example.com/?p=5036,,,,,open,closed
5037,2026-03-11 08:06:55,2026-03-11 08:11:55,Order #5037,wc-completed,shop_order,,,0,https://example.com/?p=5037,,,,,open,closed
5038,2026-03-17 07:02:20,2026-03-17 07:07:20,Order #5038,wc-completed,shop_order,,,0,https://example.com/?p=5038,,,,,open,closed
5039,2026-03-18 10:31:03,2026-03-18 10:36:03,Order #5039,wc-completed,shop_order,,,0,https://example.com/?p=5039,,,,,open,closed
5040,2026-03-04 21:22:23,2026-03-04 21:27:23,Order #5040,wc-completed,shop_order,,,0,https://example.com/?p=5040,,,,,open,closed
5041,2026-03-26 04:52:12,2026-03-26 04:57:12,Order #5041,wc-completed,shop_order,,,0,https://example.com/?p=5041,,,,,open,closed
5042,2026-03-15 11:56:19,2026-03-15 12:01:19,Order #5042,wc-completed,shop_order,,,0,https://example.com/?p=5042,,,,,open,closed
5043,2026-03-09 02:34:31,2026-03-09 02:39:31,Order #5043,wc-completed,shop_order,,,0,https://example.com/?p=5043,,,,,open,closed
5044,2026-03-29 00:37:29,2026-03-29 00:42:29,Order #5044,wc-completed,shop_order,,,0,https://example.com/?p=5044,,,,,open,closed
5045,2026-03-21 06:33:38,2026-03-21 06:38:38,Order #5045,wc-completed,shop_order,,,0,https://example.com/?p=5045,,,,,open,closed
5046,2026-03-04 06:06:38,2026-03-04 06:11:38,Order #5046,wc-completed,shop_order,,,0,https://example.com/?p=5046,,,,,open,closed
5047,2026-03-17 05:51:05,2026-03-17 05:56:05,Order #5047,wc-completed,shop_order,,,0,https://example.com/?p=5047,,,,,open,closed
5048,2026-03-18 21:01:59,2026-03-18 21:06:59,Order #5048,wc-completed,shop_order,,,0,https://example.com/?p=5048,,,,,open,closed
5049,2026-03-20 22:50:10,2026-03-20 22:55:10,Order #5049,wc-completed,shop_order,,,0,https://example.com/?p=5049,,,,,open,closed
5050,2026-03-24 13:29:45,2026-03-24 13:34:45,Order #5050,wc-completed,shop_order,,,0,https://example.com/?p=5050,,,,,open,closed
5051,2026-03-02 17:50:05,2026-03-02 17:55:05,Order #5051,wc-completed,shop_order,,,0,https://example.com/?p=5051,,,,,open,closed
5052,2026-03-14 01:18:50,2026-03-14 01:23:50,Order #5052,wc-completed,shop_order,,,0,https://example.com/?p=5052,,,,,open,closed
5053,2026-03-08 12:14:05,2026-03-08 12:19:05,Order #5053,wc-completed,shop_order,,,0,https://example.com/?p=5053,,,,,open,closed
5054,2026-03-11 22:42:21,2026-03-11 22:47:21,Order #5054,wc-completed,shop_order,,,0,https://example.com/?p=5054,,,,,open,closed
5055,2026-03-05 08:13:20,2026-03-05 08:18:20,Order #5055,wc-completed,shop_order,,,0,https://example.com/?p=5055,,,,,open,closed
5056,2026-03-15 17:56:26,2026-03-15 18:01:26,Order #5056,wc-completed,shop_order,,,0,https://example.com/?p=5056,,,,,open,closed
5057,2026-03-23 12:11:58,2026-03-23 12:16:58,Order #5057,wc-completed,shop_order,,,0,https://example.com/?p=5057,,,,,open,closed
5058,2026-03-26 07:06:11,2026-03-26 07:11:11,Order #5058,wc-completed,shop_order,,,0,https://example.com/?p=5058,,,,,open,closed
5059,2026-03-13 05:40:21,2026-03-13 05:45:21,Order #5059,wc-completed,shop_order,,,0,https://example.com/?p=5059,,,,,open,closed
5060,2026-03-13 14:00:25,2026-03-13 14:05:25,Order #5060,wc-completed,shop_order,,,0,https://example.com/?p=5060,,,,,open,closed
9001,2026-03-03 03:03:06,2026-03-09 19:23:27,Blog Post 9001,publish,post,Lorem ipsum,,0,https://example.com/?p=9001,,,,,open,closed
9002,2026-03-05 18:15:33,2026-03-17 16:23:56,Blog Post 9002,publish,post,Lorem ipsum,,0,https://example.com/?p=9002,,,,,open,closed
9003,2026-03-06 04:20:04,2026-03-26 02:52:48,Blog Post 9003,publish,post,Lorem ipsum,,0,https://example.com/?p=9003,,,,,open,closed
9004,2026-03-08 15:37:02,2026-03-05 15:37:52,Blog Post 9004,publish,post,Lorem ipsum,,0,https://example.com/?p=9004,,,,,open,closed
9005,2026-03-08 15:14:50,2026-03-02 02:34:47,Blog Post 9005,publish,post,Lorem ipsum,,0,https://example.com/?p=9005,,,,,open,closed
